Code,1392,1393,1394,1395,1396,1397,1398,1399,1400,1401
01110,5.5037594,5.0730176,4.5625696,4.364044,3.8656793,3.6143403,3.2831557,3.3864408,3.222613,3.1737041
01120,1.1240569,1.1119847,1.1525344,1.1247458,1.060017,1.1019176,1.2038879,1.0986625,1.0457768,0.944608
01130,1.531875,1.6312877,1.63848,1.625077,1.6756091,1.4829009,1.6593442,1.584157,1.4764487,1.4525888
01140,0.01189062,0.0075200563,0.006493824,0.023044428,0.018351208,0.018997248,0.0059658443,0.023737552,0.043307617,0.02257964
01150,0.013174802,0.020127693,0.016440215,0.01410434,0.012485305,0.015108856,0.023090404,0.019824065,0.010798529,0.013743051
01160,0.06033572,0.041957483,0.05019751,0.043016214,0.05862364,0.053599134,0.08506912,0.06782861,0.08024487,0.062139682
01190,0.13269365,0.14788637,0.13868007,0.182203,0.18532726,0.21548264,0.22335306,0.20803195,0.2375416,0.24226771
01210,0.18291679,0.23939581,0.25644422,0.2799532,0.28083646,0.3992013,0.42958167,0.3927019,0.36796236,0.31016582
01220,0.30180144,0.27649596,0.35109302,0.3590876,0.398941,0.5518687,0.43994915,0.42204154,0.38930884,0.44293013
01230,0.572089,0.39369148,0.4732638,0.44194773,0.45905703,0.44289273,0.41520163,0.3699957,0.27221105,0.24136955
01240,0.64060384,0.88036984,0.86097705,0.7723333,0.9123452,0.94638795,0.9089509,0.9288377,0.94213665,0.8573069
01250,0.4830612,0.52597886,0.622101,0.7068871,0.71990246,0.67270136,0.7584209,0.7989059,0.8440685,0.8430316
01260,0.019056946,0.020294191,0.035205163,0.017134199,0.028819803,0.029912798,0.028218728,0.022630839,0.013684029,0.02822747
01270,0.06011769,0.05657479,0.057158373,0.066920556,0.060704373,0.027708622,0.03244023,0.019435644,0.028874569,0.03356216
01280,0.07647746,0.09160687,0.27417526,0.23354688,0.2705169,0.15045713,0.14354712,0.12097605,0.12848023,0.114172235
01290,0.0,0.0,0.0015862377,0.0021413034,0.0005469285,0.00014985913,0.00076873356,0.0,0.00018524771,0.00022408547
01300,0.031666018,0.02115123,0.019783873,0.008457354,0.025372135,0.03694784,0.023839407,0.031864062,0.02560808,0.016671596
01411,1.2235129,1.3550107,1.6612688,1.7847674,1.787446,1.7364634,1.7928969,1.6760483,1.4200548,1.258405
01412,0.063354805,0.06613847,0.058120523,0.08380574,0.08250604,0.09758863,0.09261272,0.111894846,0.10459649,0.09436521
01420,0.0063432604,0.005833473,0.006596092,0.00472514,0.005510491,0.009055265,0.008861322,0.012591419,0.009933513,0.012881284
01430,0.010016843,0.0072326227,0.008911724,0.0049132793,0.006308753,0.008590961,0.008423341,0.004541493,0.0078479955,0.007542925
01440,4.199829,3.8279505,3.816347,4.0164685,3.8422651,3.938965,3.855539,3.7858899,3.448195,2.9442751
01461,0.030633641,0.03742134,0.055500958,0.06826777,0.07022296,0.08354121,0.090885885,0.0485301,0.022011392,0.026816389
01462,0.2608648,0.25861594,0.25596967,0.24148388,0.23199625,0.24332085,0.2565785,0.23743801,0.21970102,0.22216426
01490,0.07588718,0.07532384,0.08147865,0.08357577,0.10004474,0.12700789,0.123134896,0.103191435,0.113619514,0.105170146
01500,0.68453026,0.6412903,0.64788944,0.5252154,0.46565682,0.49698836,0.47640538,0.49119055,0.5697497,0.40461248
01610,0.5107457,0.5467354,0.43322057,0.41280445,0.47886735,0.68527234,0.8084077,0.9161926,0.8118974,0.85896754
01620,0.05079672,0.036466006,0.030336777,0.033301506,0.04199568,0.06241585,0.07840241,0.065694295,0.05537291,0.04970414
01630,0.011274246,0.013236722,0.014848016,0.020618621,0.014625018,0.020041272,0.02603927,0.03617962,0.021606205,0.021132559
01640,0.0,0.00018973125,0.0,0.0,0.0,0.0007507871,0.00031683952,0.0,0.0,0.0003271324
01700,0.0,0.0,0.000567836,0.0020454891,0.0011472761,0.0004913898,0.00088869163,0.0014666626,0.0,0.0005942891
02100,0.002845447,0.0052238097,0.0011812819,0.0031801146,0.0013157841,0.00244495,0.00079354225,0.0014799304,0.0074121067,0.0025875387
02200,0.012721354,0.03000505,0.0279962,0.043892954,0.04309891,0.020540176,0.01279623,0.015435145,0.020976808,0.017746009
02300,0.0036148108,0.0042999093,0.0041337833,0.004131439,0.010353865,0.008694557,0.018717991,0.0043619666,0.004343173,0.007853935
02400,0.07450281,0.06971995,0.05078583,0.05048288,0.03559985,0.051207885,0.06671591,0.05562122,0.04298146,0.056147646
03110,0.258155,0.249316,0.2299757,0.23272115,0.23758027,0.23592243,0.3083549,0.3143988,0.3266678,0.37798122
03120,0.06235428,0.09010214,0.0849646,0.061682086,0.04223906,0.066227674,0.052534632,0.041953135,0.011010438,0.011753485
03210,0.0041753515,0.005018636,0.009075057,0.003217259,0.005556892,0.0045147147,0.0053812116,0.005366324,0.006320818,0.006110978
03220,0.048821833,0.031818304,0.035010394,0.03353871,0.04420417,0.034424953,0.032260418,0.03242319,0.024607306,0.033543184
05100,0.04201439,0.03119198,0.043921735,0.038762756,0.05033944,0.038844448,0.062430993,0.057341315,0.051202573,0.05577359
05200,0.0015672024,0.0,0.0,0.00017163176,0.0,0.0,0.00051726185,0.0,0.0,0.0
06100,0.31216604,0.26519588,0.24527349,0.28072253,0.3661388,0.27877662,0.22638412,0.21792473,0.2350416,0.20044033
06200,0.010185201,0.018238539,0.012490221,0.012046782,0.012948722,0.024250751,0.019478515,0.010054618,0.020299172,0.024341987
07100,0.06778609,0.10647413,0.09226903,0.09159993,0.093775816,0.111254826,0.10766853,0.13262263,0.12522127,0.121027544
07210,0.0005188195,0.0,0.00016781199,7.362035e-05,0.0007528445,0.0,0.0,0.0,0.0,0.00045971252
07290,0.059318695,0.08987014,0.08871196,0.07387888,0.089629844,0.12061441,0.097278744,0.091910414,0.10871039,0.101821706
08100,0.1182634,0.1530185,0.13551411,0.10028653,0.13459958,0.15445663,0.14292729,0.15678707,0.16323352,0.15196142
08910,0.004990706,0.003969796,0.01077911,0.00876068,0.0047437306,0.008313009,0.010494541,0.008132884,0.008528821,0.008206472
08920,0.00041382108,0.0004748791,0.0,0.000282939,0.0,0.0010708402,0.0,0.000584809,0.0,0.0
08930,0.002518477,0.0029547226,0.002077338,0.0014453803,0.0007595912,0.0021824434,0.0020293677,0.003748607,0.0031536582,0.001263995
08990,0.0071612885,0.009684542,0.0069297072,0.0071042925,0.0047937143,0.009458189,0.0103478255,0.008531821,0.0040611345,0.009841506
09100,0.086922444,0.067560315,0.070474595,0.07369082,0.05492628,0.062248636,0.06191682,0.0827112,0.08216443,0.08552047
09900,0.0,0.0,0.0047731237,0.00051551516,0.00032000308,0.009750754,0.0,0.00033871492,0.0020859553,0.00055222324
10101,0.14901185,0.14536712,0.14992301,0.12987992,0.1357636,0.13737555,0.11508527,0.14318688,0.1830581,0.21347259
10102,0.022909677,0.035459142,0.03159864,0.03472079,0.020152433,0.009077569,0.017925791,0.027135698,0.032827318,0.028309297
10200,0.008079306,0.004643981,0.0053925565,0.009912188,0.008903876,0.01002508,0.010829175,0.016171692,0.0059311455,0.007919603
10301,0.0034835145,0.009626924,0.006568534,0.011916292,0.011922474,0.0072812634,0.009238161,0.009474728,0.008600539,0.009937044
10302,0.0124953175,0.0060917162,0.010563999,0.009538955,0.021434681,0.007266701,0.005398111,0.009641278,0.008024154,0.00891008
10303,0.13495551,0.12221808,0.122106306,0.13324499,0.18689181,0.50076085,0.51218134,0.40691745,0.21528874,0.3600698
10400,0.048399586,0.045977943,0.038954567,0.03467683,0.047499035,0.03989899,0.034557052,0.047851842,0.057462666,0.047992874
10500,0.2898416,0.26656646,0.32777447,0.31927776,0.30931157,0.29071313,0.3009926,0.28634724,0.36104617,0.352876
10610,0.07094636,0.06537819,0.058896992,0.07125842,0.06419659,0.10142587,0.074912384,0.06726585,0.09996429,0.092660576
10620,0.0014458561,0.0027876764,0.0018168101,0.00010230424,0.0068296036,0.0011364325,0.0030785934,0.0031320855,0.0029362515,0.00089537044
10711,0.9772385,0.85740316,0.87953126,0.9107683,0.9183146,0.8710285,0.9260744,0.8659779,0.7680817,0.7655715
10712,0.33897167,0.3558568,0.39264,0.4058386,0.40626243,0.4255467,0.4109973,0.35238263,0.3691512,0.36606476
10720,0.18364544,0.17148559,0.142958,0.1075142,0.09807899,0.101203434,0.13571116,0.105691716,0.08355997,0.09226748
10730,0.11177586,0.12699491,0.11048955,0.11796305,0.10706664,0.119492635,0.11780105,0.09656089,0.09708756,0.10150514
10740,0.022609849,0.038782313,0.019730957,0.025117766,0.010408442,0.030630434,0.022834796,0.019295929,0.04106778,0.03604466
10750,0.018365318,0.029591534,0.02631781,0.011429754,0.017710647,0.022400193,0.018800007,0.012923369,0.019117495,0.011836413
10791,0.019033363,0.02032125,0.022424107,0.0279184,0.024272956,0.027039342,0.014653833,0.010483727,0.0228594,0.025666164
10792,0.128433,0.11167603,0.114315316,0.14004965,0.16946104,0.15223673,0.16174224,0.14394088,0.16682394,0.20073804
10800,0.024967358,0.0283844,0.026403964,0.031656496,0.043789912,0.026523517,0.036228213,0.042068623,0.059023507,0.0628234
11010,0.0023552654,0.00079620193,0.0010934521,0.00019819467,0.00033576522,0.0015574301,0.002097263,0.0042097606,0.0027876806,0.004023746
11030,0.0010526583,0.0012232612,0.0006790419,0.0034237118,0.0060581127,0.00048395837,0.00018939823,0.0024561519,0.00020733137,0.0045827515
11040,0.08062502,0.102329984,0.06521822,0.046665534,0.07462288,0.0643935,0.053032413,0.057239138,0.06246992,0.07017964
12000,0.023282502,0.021905238,0.02021947,0.02370715,0.021923345,0.026641797,0.03381418,0.042652685,0.034588818,0.034866754
13110,0.15203871,0.14647165,0.13480194,0.1534263,0.13247913,0.13591395,0.1339076,0.13827302,0.15515317,0.15181842
13120,0.14823616,0.1377065,0.20685646,0.25588992,0.24587633,0.21002743,0.19458044,0.22119914,0.22422381,0.15358412
13130,0.014833299,0.045793697,0.0686095,0.02150669,0.028685065,0.047884837,0.019965716,0.026801936,0.071808696,0.05417914
13910,0.008582272,0.020284135,0.017203586,0.013873498,0.010516643,0.007888866,0.0062064356,0.00038600914,0.0020076146,0.0044424376
13920,0.18378174,0.16686632,0.1736056,0.20297381,0.1592394,0.19067211,0.1943353,0.19563556,0.18551496,0.15512492
13931,1.8792984,1.7570059,1.7427713,1.9358218,1.9126912,1.6220865,1.507477,1.2963696,1.2058083,1.183454
13932,0.042654224,0.03332165,0.03972584,0.05681679,0.038170025,0.042242896,0.04243552,0.032218274,0.024408555,0.020422766
13933,0.07520531,0.10042804,0.12269316,0.114229925,0.11112216,0.11266373,0.09141136,0.093776025,0.08654953,0.09958148
13940,0.0033810753,0.0069184126,0.0032654377,0.005030279,0.002328717,0.005709687,0.006766789,0.00059133396,0.0021787926,0.0031921384
13990,0.14687109,0.16229661,0.14650998,0.15830086,0.2166202,0.44684032,0.43793273,0.36528206,0.40046012,0.4687345
14100,1.7107295,1.5507808,1.8303511,1.9103874,1.9575804,2.1666877,2.05067,1.9328091,1.6812321,1.9531678
14200,0.003345717,0.00010733491,0.0,0.0,0.00040541205,0.00064369617,0.0,0.0005547713,0.0,0.0006845487
14301,0.02911332,0.037178323,0.0293872,0.04786172,0.046943977,0.055370335,0.053376324,0.033982757,0.03140803,0.017174652
14302,0.013197651,0.017800365,0.022322748,0.03947412,0.0277007,0.04013522,0.03601413,0.02511449,0.0124188345,0.017595233
15110,0.043655206,0.025766525,0.025025941,0.024375584,0.01896658,0.02822458,0.028017879,0.02664456,0.017206196,0.019364996
15120,0.09503589,0.086534,0.098082356,0.09249017,0.097579494,0.08039296,0.09557029,0.04561024,0.10716555,0.14550783
15200,0.32466292,0.31044036,0.31179693,0.27664134,0.29094762,0.21505302,0.26999798,0.245336,0.28441948,0.2997704
16100,0.05806266,0.0492573,0.044714227,0.04832399,0.042933073,0.042347793,0.054201543,0.047092967,0.05097437,0.054468952
16210,0.050032705,0.03043919,0.029668296,0.040116236,0.04407514,0.025276436,0.03511976,0.048015207,0.049115874,0.04670143
16220,0.4576679,0.4772176,0.4002495,0.37399966,0.26124647,0.23555627,0.24485567,0.25037464,0.24301703,0.29249316
16230,0.009434326,0.009462322,0.0062297885,0.005744813,0.00240491,0.0032667357,0.005239758,0.005418911,0.009635197,0.024710326
16290,0.11334197,0.09953176,0.08129225,0.10188181,0.09841401,0.09913363,0.1205007,0.104727454,0.100687414,0.13439825
17010,0.033932682,0.050497714,0.047522858,0.036438666,0.025295874,0.051384192,0.042586435,0.05318771,0.05488435,0.04567921
17020,0.085605785,0.057344306,0.08314834,0.119031325,0.10524845,0.09920431,0.10483062,0.09720199,0.10462138,0.09386355
17090,0.046174806,0.040082946,0.045345437,0.040371444,0.041133825,0.03606878,0.044267096,0.07480755,0.06474854,0.077216536
18110,0.15997304,0.18176349,0.1695707,0.14906508,0.14537781,0.19477834,0.19874349,0.18584797,0.1617296,0.15329432
18120,0.026192347,0.020466983,0.03799189,0.060267646,0.039575975,0.015032703,0.028396375,0.024705825,0.028054552,0.015036264
18200,0.0003121315,0.0018345651,0.0018246494,0.0023987554,0.009505607,0.0019430962,0.002359406,0.003054733,0.0012350994,0.00092387927
19100,0.0059638903,0.0077727214,0.004958401,0.003079867,0.004591485,0.01266832,0.01016039,0.01235222,0.010317313,0.004184006
19200,0.2211663,0.23542826,0.22766297,0.2600231,0.22129732,0.21912523,0.20887393,0.24931481,0.23458356,0.25829795
20110,0.09609577,0.08961616,0.08501106,0.06673824,0.06207023,0.08172152,0.09358712,0.17130417,0.1587531,0.19487245
20120,0.03859619,0.057013117,0.05191319,0.035962995,0.032940783,0.08307903,0.057775185,0.049751353,0.049251005,0.046254918
20130,0.11295909,0.103570506,0.1050532,0.06872093,0.08286726,0.08938368,0.12426347,0.1155942,0.09291036,0.087318845
20210,0.009151573,0.008780523,0.017018395,0.017284805,0.012322147,0.024112675,0.008213391,0.0077648265,0.007857318,0.0053389976
20220,0.04009379,0.04177606,0.037742935,0.04478655,0.043129984,0.038111594,0.055390585,0.043808393,0.02293049,0.07174306
20230,0.0853742,0.09667196,0.09130515,0.0703452,0.07690866,0.07140226,0.09304243,0.10866063,0.14996867,0.14468624
20290,0.024721647,0.037699677,0.03898932,0.03575862,0.04613278,0.037413754,0.05087446,0.042663243,0.02816286,0.043564804
20300,0.009502058,0.01577021,0.021346116,0.0060318047,0.007891083,0.014279033,0.0085048,0.010055986,0.010614442,0.012004739
21000,0.14460196,0.16546167,0.13790724,0.09111411,0.15143095,0.17560564,0.17689458,0.1578562,0.16961159,0.17338955
22110,0.07113174,0.050926737,0.047713365,0.052516606,0.055067394,0.04424879,0.043061286,0.05536953,0.0457365,0.04860767
22190,0.041543756,0.039032966,0.015798066,0.024334814,0.021083154,0.042240947,0.023920279,0.03266854,0.026366772,0.049092654
22200,0.32463452,0.3362455,0.36740524,0.37365854,0.38068983,0.41337782,0.4592109,0.47111586,0.461346,0.5330778
23101,0.06674297,0.065198146,0.07216219,0.058740925,0.048421916,0.06676296,0.07769787,0.062486522,0.06310163,0.104056284
23102,0.036467455,0.040496428,0.043448742,0.03570182,0.01903236,0.041619312,0.045086384,0.038532615,0.03775706,0.037344754
23910,0.022935528,0.015861211,0.025586482,0.025907211,0.035438634,0.021808634,0.019305594,0.015252596,0.032268297,0.030556295
23921,0.20144495,0.15184355,0.115545794,0.09682665,0.07708357,0.077960834,0.08033764,0.096675836,0.11257499,0.08872899
23922,0.015328674,0.012176726,0.01289433,0.005349287,0.0035866378,0.01404303,0.009936668,0.01239386,0.013013479,0.015339848
23923,0.15006478,0.15670666,0.16446683,0.1280002,0.13396546,0.14677934,0.1464985,0.14618425,0.1696479,0.20659123
23930,0.04208738,0.046039715,0.04261572,0.04417061,0.02524011,0.04922371,0.059694145,0.046754688,0.063926086,0.09107833
23940,0.1680135,0.16168474,0.15767942,0.14978278,0.13865346,0.16235073,0.1629239,0.14443482,0.12880433,0.14516118
23950,0.41455668,0.38323194,0.32262135,0.31551978,0.3035689,0.28449702,0.3140571,0.34935737,0.33399022,0.31150016
23960,0.16361424,0.17453727,0.15174925,0.15768066,0.15011296,0.19386739,0.18431164,0.19877794,0.26223323,0.23735727
23990,0.055250816,0.07201948,0.047464706,0.042218603,0.045199104,0.058942195,0.067686304,0.055131905,0.06267724,0.062324036
24100,0.46916348,0.5374053,0.45459843,0.47252652,0.45503286,0.3723362,0.4072119,0.4553839,0.5703514,0.56383985
24201,0.031934764,0.027605549,0.0362458,0.03116777,0.026298981,0.025494194,0.026535971,0.024942858,0.02034885,0.031024668
24202,0.0509313,0.043181017,0.06547016,0.06680482,0.06912288,0.051255755,0.04246638,0.052772056,0.06312706,0.062174223
24203,0.034647156,0.03238396,0.035373997,0.037761506,0.037144255,0.02624556,0.03595641,0.03714188,0.03983455,0.040731106
24310,0.0767602,0.057528052,0.050160237,0.054519895,0.06827023,0.06639859,0.06382136,0.06485137,0.07887405,0.07881135
24320,0.021177437,0.014300611,0.03992903,0.026900617,0.024832888,0.013515384,0.01806905,0.023107708,0.012573597,0.015235296
25110,0.57058036,0.55969274,0.5540353,0.612448,0.59520304,0.52340335,0.51153076,0.51729494,0.5569018,0.59349346
25120,0.05109138,0.053875025,0.050830875,0.042550653,0.034180515,0.061957423,0.039156515,0.04006188,0.03891963,0.028140377
25130,0.0,0.0019822028,0.0,0.0058571645,0.0,0.0,0.0,0.000347998,0.00054751424,0.005618364
25200,0.0013077506,0.0004772205,0.0074362573,0.0014056412,0.006316411,0.006962539,0.007757369,0.005167892,0.0,0.010584462
25910,0.026836636,0.035186954,0.02826282,0.03913064,0.031441472,0.0292968,0.034907266,0.035375215,0.028372454,0.024031159
25920,1.0921911,0.99818045,0.8609126,0.883591,0.754962,0.7499265,0.7285287,0.7834958,0.78339744,0.8668958
25930,0.101665385,0.091785766,0.113313794,0.06315723,0.098180175,0.089321844,0.10387006,0.1268985,0.09693984,0.08733825
25990,0.21991043,0.24653743,0.18436906,0.14881337,0.20743187,0.22103868,0.16716999,0.177768,0.21870181,0.20887752
26100,0.018475879,0.023096878,0.03048779,0.018629348,0.013623689,0.03220973,0.04202661,0.04576039,0.032968692,0.05709941
26200,0.006801883,0.009245693,0.0053971526,0.004207824,0.0075213043,0.015697094,0.018617338,0.029691061,0.016910411,0.034263697
26300,0.009489161,0.013326365,0.007002079,0.0036707285,0.0048736157,0.017660106,0.012843855,0.012571729,0.009824994,0.011264917
26400,0.020891026,0.022924067,0.0075200964,0.017380228,0.030198451,0.00918195,0.024235668,0.017547673,0.018885592,0.012469584
26510,0.025747659,0.013597783,0.014577222,0.010999743,0.014945531,0.00784853,0.023893753,0.017321773,0.007846358,0.005005554
26520,0.006615897,0.00064871466,0.0006917803,0.008938426,0.006449542,0.0,0.011955233,0.014818393,0.006994976,0.00049897307
26600,0.008245662,0.021532277,0.022174738,0.007404805,0.009992583,0.0091780545,0.044455785,0.014507367,0.037592337,0.037855137
26700,0.0006656714,0.0016502092,0.00086402026,0.004532207,0.0023502684,0.004056733,0.008946374,0.009260005,0.0036338854,0.00054248323
26800,0.0006732437,0.0,0.0,0.00057270913,0.0040742243,0.0036003364,0.00041514676,0.00018009004,0.0022277597,0.0
27100,0.12942174,0.10433435,0.09069343,0.1199891,0.13821933,0.101514265,0.11829103,0.11727166,0.122112945,0.111390054
27200,0.02419779,0.039589975,0.022935964,0.019617846,0.011511384,0.012728278,0.016801795,0.03563427,0.021780519,0.029774392
27310,0.008856551,0.0027269195,0.00938893,0.011390876,0.006170669,0.0041664485,0.012308002,0.0028150843,0.009035806,0.007915387
27320,0.028849239,0.030953199,0.038406905,0.030340027,0.029634383,0.05314085,0.048256673,0.060893163,0.044991653,0.039898165
27330,0.013550016,0.011616516,0.014956607,0.027641177,0.016227681,0.015761297,0.007287533,0.0091592595,0.015056462,0.011318391
27400,0.028756017,0.050310493,0.043848343,0.039259892,0.037669513,0.03129323,0.031839345,0.06495588,0.0564149,0.041729525
27500,0.16354577,0.16100733,0.11413871,0.14974672,0.15283766,0.14481544,0.13464876,0.12813921,0.15386403,0.21240099
27900,0.031391792,0.0342232,0.042372074,0.05039289,0.025284713,0.021753542,0.028225899,0.026729122,0.011937434,0.044691544
28110,0.018907795,0.018829387,0.026822096,0.030867238,0.02464524,0.0160406,0.025809774,0.020707555,0.030310452,0.0247641
28120,0.00244938,0.006182181,0.0012844219,0.0047930297,0.0017627754,0.0027740023,0.0013052854,0.0023790265,0.0048211734,0.00057555706
28130,0.070103884,0.06787095,0.05920204,0.05236357,0.050550845,0.053730816,0.064988844,0.06897575,0.12736914,0.12958989
28140,0.0029593934,0.0036479144,0.0073159803,0.007512895,0.012579006,0.005686976,0.0045171813,0.0070797154,0.003599543,0.0030015802
28150,0.0046472615,0.010161898,0.010020497,0.009377267,0.002037487,0.0018468974,0.0028292548,0.0048683877,0.0046355636,0.005297142
28160,0.022230385,0.027822625,0.03444416,0.037849206,0.04378639,0.025509939,0.022570344,0.022480449,0.05907649,0.04717985
28170,0.0004356501,0.0018155884,0.0018862331,0.0051241657,0.0068234513,0.0038361675,0.0038026134,0.0,0.0019946748,0.00041597063
28180,0.0,0.0014809836,0.00094996195,0.0008589989,0.00209752,0.00013451187,0.0012883864,0.0016828801,0.0015854344,0.0067718276
28190,0.081757866,0.10079543,0.09968821,0.10174046,0.09731291,0.0762504,0.08492476,0.0822449,0.08657062,0.12159277
28210,0.033421233,0.03833833,0.033260502,0.042066302,0.04256593,0.043608148,0.03169459,0.03186908,0.03656354,0.029333511
28220,0.0062779016,0.0,0.006905797,0.01146631,0.0063183056,0.0066411393,0.007131755,0.013346657,0.0020697908,0.0075104893
28230,0.0,0.0012936665,0.00327792,0.0026882773,0.003665674,0.0,0.00083821814,0.0,0.0001649393,0.0013566865
28240,0.023607047,0.009760364,0.014390674,0.011602509,0.009240292,0.010487225,0.026128033,0.012675213,0.004447043,0.0031407315
28250,0.006740196,0.006190304,0.007945227,0.0071913647,0.006463965,0.015680585,0.0060972557,0.0089188665,0.0083830785,0.006393934
28260,0.008591819,0.0077845566,0.002783721,0.0037197683,0.003361046,0.004162219,0.0019752216,0.0040977513,0.0040368135,0.0036196008
28290,0.039260644,0.049887113,0.031967774,0.03445497,0.035349566,0.046186235,0.047221467,0.050599214,0.054402165,0.031243075
29100,0.3720364,0.43512833,0.562426,0.41275412,0.36204174,0.41330728,0.38107947,0.36529174,0.37869033,0.4115718
29200,0.02840483,0.026139844,0.019034375,0.023115227,0.019276401,0.015700545,0.021115761,0.0134407105,0.016864728,0.019585779
29300,0.2973351,0.36998484,0.4381286,0.41034636,0.42767492,0.4972673,0.5557479,0.68262136,0.59895617,0.6296378
30110,0.016256986,0.016862784,0.020446854,0.013244241,0.033117868,0.011474681,0.0058060554,0.011609901,0.007964389,0.016323041
30120,0.0008488737,0.0,0.0,0.00051618816,0.002165209,0.00074907416,0.0010265884,0.00028070857,0.00014023563,0.0
30200,0.01529118,0.011374214,0.006768762,0.008855707,0.016239984,0.007880574,0.003664842,0.0073877308,0.014699303,0.009634875
30300,0.014730403,0.017916687,0.015549049,0.015352457,0.0050452384,0.015019564,0.006604325,0.0038528724,0.0150358565,0.011802444
30400,0.00158649,0.0,0.00033842112,0.0015482501,0.0,0.00013217723,0.0,0.0,0.0,0.0
30910,0.0116513,0.015332594,0.015523832,0.021291755,0.029907448,0.012209022,0.010144016,0.00976784,0.01608807,0.022083068
30920,0.0034211457,0.0065457644,0.0039021547,0.005288472,0.0023640338,0.0053770477,0.006110636,0.002090842,0.004446957,0.0035756822
30990,0.0,0.0,0.0,0.0,0.00047069712,0.0,0.0,0.0,0.0009953278,0.0004479559
31000,0.9176607,1.0119033,1.0775274,0.9947584,1.1142914,1.1197367,1.0975044,1.253457,1.2306612,1.1402873
32110,0.09825487,0.10323373,0.101881646,0.10280922,0.12652935,0.08255524,0.069864355,0.06760921,0.04836388,0.06792871
32120,0.003405414,0.0072059855,0.0010224973,0.004448308,0.004362469,0.0053477627,0.005736968,0.011411068,0.0058319676,0.019498782
32200,0.009756733,0.005805173,0.001951201,0.0050781807,0.0028916313,0.0044176346,0.008577641,0.010718784,0.0046961717,0.0035216329
32300,0.0010927252,0.010605907,0.008130901,0.00071390247,0.0014957044,0.0008759383,0.007040096,0.0054506324,0.007027505,0.005547453
32400,0.015702773,0.024312537,0.017174635,0.010598785,0.008628129,0.024244646,0.018604133,0.020172738,0.046702616,0.037265632
32500,0.082850076,0.07312145,0.065235406,0.061590917,0.08472655,0.089497,0.090546206,0.09186278,0.09184869,0.07554725
32900,0.03898809,0.037429236,0.044496454,0.050269935,0.040132105,0.04475868,0.064559035,0.026421865,0.040408716,0.049002994
33110,0.03829341,0.045848258,0.025489414,0.010027319,0.023937685,0.019471774,0.031659868,0.043538697,0.03108691,0.049455028
33120,0.17166536,0.19958964,0.15157257,0.21859324,0.2054907,0.20070615,0.19989643,0.26611394,0.23417354,0.2345509
33130,0.018740762,0.009300139,0.007700519,0.012674935,0.010795315,0.02461882,0.024903264,0.017358074,0.025520185,0.031600516
33140,0.025412863,0.02298262,0.010728315,0.018430507,0.033537477,0.020693094,0.020697024,0.04203712,0.031926267,0.035137814
33150,0.01912378,0.017686361,0.017728347,0.008287216,0.009853438,0.019614909,0.015548984,0.015947565,0.024658857,0.013662272
33190,0.005691594,0.0047320575,0.011138514,0.010036908,0.00539371,0.0044896943,0.0029555296,0.0008486685,0.002369895,0.0028787968
33200,0.00651526,0.011201226,0.0120819975,0.0037044259,0.009092435,0.012368662,0.0145017225,0.016935287,0.014305622,0.0109717045
35100,0.42851797,0.4173538,0.44987556,0.4510285,0.45015532,0.46583265,0.45592642,0.45402417,0.49715027,0.5083741
35200,0.25979775,0.2390051,0.2375341,0.24784704,0.22737914,0.24709257,0.27554956,0.2631968,0.22730953,0.24673794
35300,0.004417016,0.0056315274,0.0073450427,0.0019888245,0.001130569,0.0045791133,0.004419033,0.003873624,0.0046219397,0.009160536
36000,0.18865809,0.21345222,0.1876486,0.17262638,0.19631931,0.17372032,0.18417495,0.1757422,0.20728976,0.14915861
37000,0.15092896,0.16877154,0.13639854,0.18056804,0.20283705,0.19942658,0.1434476,0.1612492,0.16638535,0.16918118
38110,0.07086489,0.06107215,0.06397704,0.069626406,0.12098038,0.12412794,0.1861308,0.2718199,0.26967886,0.27192205
38120,0.0018731769,0.0018470607,0.0015203527,0.00051975594,0.0024187372,0.003014275,0.0059729363,0.0013753142,0.0,0.007481259
38210,0.0,0.0022025846,0.002083441,0.0011020039,0.0,0.0014552211,0.00082190346,0.0,0.002602731,0.0037385845
38220,0.00030548123,0.0,0.0,0.0,0.0,0.0,0.0,0.0013515139,0.0005266689,0.0
38300,0.025067365,0.032271355,0.033059213,0.01966386,0.07368348,0.05803957,0.06769829,0.04104633,0.08852794,0.073031
39000,0.0,0.0010108647,0.0018298228,0.0,0.00025833354,0.0006319261,0.0025063835,0.003098512,0.002197783,0.0006487268
41000,9.992227,9.783049,8.84081,7.924404,7.608367,7.0695877,6.956357,7.819737,7.997081,7.8354993
42100,0.37135893,0.2513012,0.2591884,0.33539078,0.33043218,0.32004964,0.28534493,0.27059266,0.27067113,0.28090408
42200,0.11511565,0.119639084,0.10926171,0.16798319,0.19818488,0.21232776,0.16119418,0.15399739,0.1541449,0.16122697
42900,0.10210344,0.10282209,0.08400973,0.1106304,0.1269108,0.13910027,0.1307579,0.09089502,0.06283915,0.1252246
43110,0.005153075,0.0057660374,0.005911126,0.0028331506,0.004077715,0.0027202016,0.00978311,0.0067381677,0.007921931,0.009892719
43120,0.0707129,0.0760798,0.095884755,0.08883435,0.07818739,0.056380946,0.04928471,0.067253634,0.04699026,0.062730424
43210,0.64507073,0.5518039,0.54949576,0.5931182,0.66562563,0.6789259,0.605064,0.5963828,0.64232117,0.6296882
43220,0.69657624,0.6532474,0.6404064,0.70696825,0.67385685,0.69699615,0.6651364,0.66078365,0.68002063,0.71422213
43290,0.08039177,0.097908616,0.124096125,0.11537013,0.12200245,0.09378409,0.08917192,0.07139772,0.09058181,0.06809787
43300,2.307748,2.3394043,2.1131587,2.0298903,2.2072887,2.2698731,2.3581338,2.5515902,2.5888772,2.4134653
43900,1.0836504,1.0522705,1.049243,1.0696708,1.0819128,1.0613,1.1786201,1.561472,1.7825114,1.954838
45100,0.5158966,0.53712076,0.5725753,0.54199123,0.5746785,0.5095187,0.52880996,0.5711057,0.5250126,0.60238093
45200,1.8814375,1.8917669,2.0059676,2.0348682,2.0640955,1.9921465,2.07506,2.20989,2.2225235,2.4042883
45300,0.3826035,0.4135827,0.41389152,0.3726958,0.43430418,0.4155899,0.42287838,0.46260506,0.43431133,0.43208614
45400,0.22998188,0.21828972,0.17757428,0.20194729,0.1782732,0.19378622,0.20177728,0.20348193,0.19528118,0.21027036
46100,0.1802158,0.16666926,0.11608532,0.13876736,0.1654522,0.23058227,0.22226216,0.22241738,0.216255,0.24899997
46200,0.06899636,0.06807932,0.047133967,0.045448907,0.06094634,0.07767301,0.07134187,0.05773558,0.051412795,0.05169096
46300,0.5341504,0.5984653,0.5361967,0.6471496,0.6823438,0.67980295,0.6995447,0.70233494,0.7329314,0.75857025
46410,0.06823029,0.08115716,0.036857694,0.042724095,0.07848643,0.048535705,0.049824446,0.047661837,0.0357245,0.059129838
46491,0.0071519697,0.004240514,0.0057972013,0.012476029,0.009826951,0.009182857,0.009861959,0.00020175414,0.00058466755,0.0
46492,0.10366271,0.12149677,0.12678692,0.1272283,0.14126472,0.10867814,0.13983971,0.13455556,0.09347591,0.09850154
46493,0.018899834,0.010378861,0.026962342,0.016594991,0.011275314,0.033950295,0.01303304,0.023646072,0.01681329,0.026474861
46494,0.069242954,0.058472022,0.055608973,0.09068707,0.0849334,0.08297299,0.07492422,0.07548359,0.050282344,0.08038393
46510,0.03315577,0.02268652,0.006011535,0.019878175,0.010640383,0.01212977,0.007377879,0.007837746,0.030559001,0.037726067
46520,0.004780436,0.01116795,0.0,0.0057164156,0.0012125989,0.010297788,8.801822e-05,0.0026888908,0.0019644822,0.0083601205
46530,0.012243961,0.0076665385,0.0035998698,0.009446029,0.0032021916,0.020043349,0.00903998,0.005149408,0.0046045654,0.0033491454
46590,0.08121993,0.041481733,0.07592471,0.092116855,0.07155212,0.07003803,0.0871642,0.084071785,0.07208104,0.08027379
46610,0.05094379,0.043524783,0.06458281,0.04521269,0.056488566,0.05680984,0.06798421,0.057897553,0.059943065,0.052745257
46620,0.04986384,0.07453957,0.04706222,0.04493868,0.04180662,0.061870053,0.04432456,0.053608593,0.04794299,0.05164633
46630,0.06643443,0.059433475,0.063016675,0.057612162,0.09373411,0.06250988,0.06914865,0.05994495,0.08106768,0.086216986
46690,0.03596071,0.05040293,0.05234478,0.03402058,0.058313966,0.06524292,0.04702312,0.051153537,0.05121844,0.03298223
46900,0.024596317,0.011250048,0.005872626,0.009717333,0.01800628,0.020477634,0.008121661,0.010587982,0.020238362,0.027514394
47110,0.047677495,0.037252963,0.036038227,0.026404556,0.03399207,0.013377478,0.02659614,0.008928924,0.0073402035,0.008468811
47190,0.119929515,0.094869055,0.11133078,0.10999946,0.1136982,0.12598675,0.15152404,0.19353108,0.22664694,0.1817842
47211,0.5198662,0.5708619,0.51966465,0.5969089,0.5541519,0.56989264,0.5640158,0.56133336,0.612892,0.60587066
47212,2.182904,2.2799766,2.3848722,2.4960995,2.501743,2.3903284,2.2678428,2.0725515,2.1649535,2.480079
47213,0.36765197,0.32620594,0.35932818,0.3900718,0.375345,0.3868392,0.39113852,0.34759834,0.3141511,0.36388633
47214,0.013082313,0.0042284597,0.0055029253,0.0043913955,0.022578994,0.009861837,0.007955525,0.006251597,0.0081329765,0.009617602
47220,0.08386841,0.04162695,0.052183036,0.015784256,0.020127952,0.008990279,0.011330841,0.007830309,0.004946283,0.01115333
47230,0.02990171,0.019416226,0.010981168,0.026042474,0.028429503,0.013560288,0.019681886,0.028725792,0.029728303,0.023867732
47300,0.11084394,0.14960162,0.140656,0.15231408,0.16269602,0.16726944,0.15180221,0.14294975,0.14342333,0.15486807
47410,0.26685095,0.25517204,0.24891976,0.23216619,0.25668976,0.2770004,0.2548315,0.2661661,0.29794037,0.36121145
47420,0.08594304,0.04548883,0.045674954,0.049087644,0.0637752,0.034243055,0.0277058,0.030540893,0.023851015,0.029991366
47510,0.2573349,0.2591692,0.26214755,0.28961748,0.35024673,0.28711978,0.27437702,0.26392624,0.1980238,0.24410035
47520,0.82584375,0.8634909,0.87256444,0.88091654,0.759622,0.9024127,0.8207339,0.8006704,0.8697215,0.85144824
47531,0.12403664,0.09157747,0.11089882,0.14230335,0.12623776,0.11862696,0.10602005,0.12573089,0.11752351,0.14611785
47532,0.03595911,0.025369277,0.014647318,0.02776525,0.020413682,0.025029857,0.022058034,0.026664454,0.024208575,0.012707599
47590,0.7574933,0.87422484,0.95096517,0.97643983,0.90327656,0.95670044,0.85933375,0.9090227,0.9617021,0.97894883
47610,0.13805422,0.14106585,0.13021699,0.16741787,0.15904118,0.16061793,0.19025293,0.17031139,0.13714664,0.14045745
47620,0.022676626,0.017556695,0.0072717476,0.007012421,0.0094777355,0.0043424377,0.0097792605,0.0023710453,0.0022300521,0.0044855266
47630,0.03884328,0.03248399,0.040510733,0.04249036,0.043253783,0.04653195,0.033234086,0.051384117,0.05910584,0.07427943
47640,0.024985304,0.02661435,0.03168346,0.036851108,0.042939886,0.027852977,0.027201507,0.052740257,0.023174217,0.029054848
47710,1.2360243,1.3037069,1.3507301,1.4362319,1.4642897,1.3341719,1.3552107,1.452874,1.4370788,1.5180513
47720,0.44196603,0.47281104,0.51492256,0.4953001,0.5192263,0.57321167,0.5593254,0.54720795,0.5485775,0.7122866
47730,0.73407876,0.774373,0.874468,0.853335,0.79882795,0.8555579,0.8784837,0.77520066,0.82897925,0.9075772
47740,0.05250827,0.05860934,0.055519987,0.054582253,0.05435176,0.05281277,0.042522557,0.041923426,0.04976785,0.060572796
47810,0.07625105,0.022429733,0.023145383,0.037010483,0.027636314,0.046957813,0.047727395,0.03919673,0.024268148,0.040951997
47820,0.0055570365,0.0054687583,0.0037777633,0.0013653451,0.0027465033,0.00068350876,0.012647324,0.0036117886,0.006798205,0.0027156924
47890,0.0149177695,0.008950784,0.013667956,0.016072433,0.015075494,0.010114921,0.0048623816,0.01219271,0.012467423,0.002469847
47910,0.0048075328,0.0,0.0024566713,0.007304477,0.023226064,0.014076524,0.039793633,0.043393593,0.09602496,0.076588444
47990,1.1025947,1.3386312,1.3143826,1.4235532,1.5484293,1.5088773,1.4971642,1.3181795,1.3839346,1.4778861
49110,0.03299441,0.037008956,0.04684017,0.036058575,0.043815523,0.043880437,0.04632022,0.056258783,0.0405875,0.05040825
49120,0.0100125205,0.006032919,0.0026693218,0.012415278,0.008996919,0.0064281835,0.00638367,0.0058151027,0.0017635932,0.0055671777
49210,0.39893556,0.39110342,0.45218366,0.485605,0.64297605,0.882541,1.3446009,1.2436715,1.4626757,1.6228884
49220,4.3095045,4.428651,4.6830325,4.569848,4.331912,4.0558925,3.8737388,3.4377801,3.1106286,3.396443
49230,3.819314,3.9522376,3.9101906,3.7585332,3.6569126,3.6057525,3.69834,3.8948193,3.9276314,4.288177
49300,0.0033577173,0.0067566084,0.011378213,0.0227868,0.013797145,0.00969816,0.010733874,0.012700224,0.013425887,0.019352878
50110,0.017427042,0.008304508,0.022482146,0.014713119,0.008831298,0.008423734,0.00938885,0.003160989,0.0022004817,0.013639297
50120,0.08322387,0.09194498,0.07930894,0.08599128,0.10273963,0.07897758,0.050904334,0.06344405,0.04548278,0.03755079
50210,0.00014154203,0.0011917985,0.0035291906,0.0009343141,0.002481698,0.00051743817,0.001789535,0.00038117878,0.0005965694,0.001438635
50220,0.004170074,0.0031363263,0.015257143,0.003974196,0.021797255,0.007697645,0.0041932003,0.0067462353,0.013075296,0.004701976
51100,0.055694226,0.043281615,0.0454558,0.064554766,0.06793067,0.038680628,0.0521632,0.04114484,0.057221413,0.024329297
51200,0.0,0.0,0.012383409,0.0010498322,0.0025071627,0.0,0.0004619315,0.0067733373,9.871574e-05,0.005233551
52100,0.09028925,0.08977614,0.075507,0.074333064,0.07922483,0.11073206,0.13686784,0.110974476,0.09313166,0.13900782
52210,0.17787215,0.1632134,0.12676081,0.14182663,0.16738057,0.1432021,0.1431031,0.15173382,0.13561586,0.1509611
52220,0.033390976,0.022815712,0.025015095,0.035238888,0.01593357,0.024954984,0.031091448,0.051139623,0.070009224,0.09923596
52230,0.096221395,0.11327744,0.12870926,0.121357106,0.090756424,0.12066283,0.10190509,0.09663869,0.11464007,0.10353861
52240,0.05749304,0.04453271,0.07124829,0.048197374,0.03343287,0.049517337,0.06784102,0.072495714,0.064319365,0.043104142
52290,0.0638199,0.0517804,0.040567204,0.044124853,0.046694864,0.044811174,0.038057417,0.050656497,0.08677913,0.06488735
53100,0.09932232,0.09719194,0.0671424,0.057445496,0.08581152,0.10514996,0.074164174,0.096489586,0.09596304,0.08030738
53200,0.020192254,0.042229723,0.09258,0.068678364,0.034436386,0.075742595,0.04140865,0.03914339,0.062317938,0.042317756
55101,0.10180914,0.10111112,0.117155366,0.1617097,0.1641633,0.13083759,0.1371484,0.10274123,0.096359596,0.103287116
55102,0.007499496,0.00789446,0.01463486,0.008870747,0.033673346,0.023283863,0.008000459,0.0063617057,0.009524028,0.015566433
55200,0.00032145082,0.005144099,0.0042778663,0.0015415906,0.00028185704,0.005173967,0.0013360627,0.003909278,0.0069413306,0.0028138568
55900,0.024518304,0.022846559,0.025873693,0.036566112,0.033547174,0.016792037,0.018505637,0.034717765,0.026037043,0.020868843
56100,0.72211945,0.8325085,0.9464244,0.95424104,0.98245144,1.1220884,1.2678071,0.80640435,0.8606648,1.137126
56210,0.09489592,0.075506255,0.07144095,0.0724872,0.09187362,0.09295367,0.08679959,0.045263607,0.05721453,0.08185207
56290,0.001247474,0.0013243043,0.002521388,0.00048651028,0.0005478841,0.0027032043,0.0,0.0047213165,0.0029670305,0.0019146653
56300,0.11125633,0.12708661,0.1328603,0.13172853,0.15353371,0.16371106,0.17636359,0.124375954,0.1400101,0.20083405
58110,0.025012856,0.013507779,0.008049797,0.031689335,0.05149903,0.024108326,0.024210261,0.025732152,0.01212663,0.025995638
58120,0.0,0.0031124076,0.0015719926,0.0012525832,0.0,0.00011360894,0.0,0.00019238472,0.0,0.0
58130,0.07814321,0.04763091,0.055556774,0.045198187,0.059925266,0.057663403,0.036124114,0.040294204,0.04185097,0.031119084
58190,0.00293709,0.0,0.0021093958,0.006940442,0.000879618,0.0011997746,0.0027514724,0.0003232353,0.0018746696,0.0041917823
58200,0.020757733,0.0004486859,0.00095772976,0.0036610046,0.0038291735,0.000811861,0.00021335518,0.0010445116,0.00089011184,0.0
59110,0.03068691,0.021065345,0.013212133,0.023017032,0.016220057,0.021921441,0.029829796,0.024515254,0.06180097,0.0385355
59120,0.0056408555,0.0,0.0023569795,0.0010555309,0.0024619733,0.00046270108,0.00110818,0.0030709023,0.0011126819,0.0037263639
59130,0.0,0.0002217363,0.006614263,0.0,0.00018514399,0.0006336994,0.0020726258,0.0009102504,0.0002525056,0.00012794424
59140,0.004319943,0.0007585482,0.0010369917,0.0035527716,0.0137023395,0.01646595,0.01845009,0.01343245,0.008891239,0.006432077
59200,0.0,0.0,0.0,0.0036772075,0.004996424,0.0073250374,0.0016339321,0.0012743893,0.00013910986,0.0028626001
60100,0.013636678,0.0100034075,0.021051332,0.029790448,0.008482321,0.0073855836,0.008181283,0.013710713,0.014184369,0.010268176
60200,0.09895811,0.0891587,0.098767795,0.12140992,0.101301774,0.121084906,0.112668134,0.09112208,0.10946216,0.09266296
61000,0.46969554,0.49657515,0.42426836,0.4591249,0.44780666,0.41751537,0.40233767,0.3857177,0.34545344,0.36844623
61900,0.0,0.0,0.0,0.0,0.0,0.0013885917,0.0011078051,0.00027493548,0.0,0.0
62010,0.03571358,0.08280636,0.119523294,0.10731498,0.16294456,0.11211095,0.12089689,0.14264882,0.20731476,0.24994248
62020,0.0076814517,0.027387258,0.061054952,0.03185478,0.03133683,0.031437416,0.043763123,0.054026157,0.048327647,0.033351637
62090,0.107347555,0.09439059,0.12073886,0.13872844,0.05848126,0.04318156,0.059600744,0.04785141,0.054082863,0.06645071
63110,0.0036387017,0.0059608533,0.024164645,0.016064305,0.007794424,0.006838164,0.010821575,0.011658285,0.021863353,0.010905324
63120,0.0070681744,0.009364527,0.0005381543,0.00092458597,0.0005597974,0.0115951,0.0015815584,0.0153126065,0.0038560214,0.0033557669
63910,0.017796852,0.007656654,0.007734053,0.013613401,0.0068514803,0.013537682,0.010793214,0.025068818,0.019732421,0.01774201
63990,0.0003951603,0.0015631522,0.0014949816,0.0,0.0,0.0,0.0,0.0005463476,0.001335829,0.0
64110,0.0047807274,0.0056987978,0.010061879,0.016801868,0.0004702744,0.027347619,0.03539294,0.017962633,0.011943099,0.019963576
64191,1.1020871,1.1568135,1.109642,0.96917284,0.95279235,0.9363817,0.9344401,0.95580435,0.9040987,0.8716874
64192,0.05041121,0.05825104,0.05281851,0.035588555,0.028686807,0.029164212,0.031243429,0.015382291,0.010438258,0.009055567
64200,0.0,0.0,0.00399151,0.0004744531,0.0042431867,0.0,0.0,0.00029009077,0.00016703924,0.008040428
64300,0.016493985,0.010199889,0.0067518167,0.004992534,0.0069248714,0.013556583,0.02323793,0.011767215,0.009518725,0.015328273
64910,0.0,0.0018176752,0.0043178657,0.006910632,0.0041411496,0.0,0.0,0.0,0.0023827818,0.0033477643
64920,0.03326456,0.032030415,0.046582457,0.0389255,0.023229662,0.027976811,0.025733091,0.03292612,0.043441042,0.03721792
64990,0.0017976537,0.0012505025,0.004607716,0.0012105304,0.0,0.0,0.001364372,0.0015218391,0.009126756,0.0021879307
65110,0.011758608,0.035459265,0.007923179,0.025539435,0.015835162,0.017687168,0.013107757,0.020923326,0.022216203,0.020780982
65120,0.1343241,0.15544984,0.13065091,0.15373097,0.15385473,0.13700618,0.18355124,0.2128003,0.18818568,0.16353522
65200,0.0028659443,0.010378052,0.0142086195,0.0060114786,0.0005491214,0.0011033855,0.0,0.0032517181,0.0,0.0
65300,0.0,0.0,0.0,0.0,0.0009646036,0.0008898478,0.0,0.0,0.0,0.0002154612
66110,0.0062410836,0.011255087,0.023109643,0.023730934,0.005026252,0.01799128,0.016162997,0.012629597,0.03420078,0.062199462
66121,0.00785803,0.0013679976,0.009037869,0.006211055,0.00016151527,0.015113126,0.03322407,0.06822056,0.038696047,0.037557043
66122,0.018742265,0.00909431,0.00894719,0.013516725,0.016770449,0.014003467,0.0101648485,0.010305444,0.01271252,0.020157961
66190,0.0015399335,0.00096419745,0.003316437,0.004483456,0.004761057,0.008204237,0.0024027228,0.0043870774,0.0044244374,0.0028591806
66210,0.0,0.0,0.00065066543,0.0025712163,0.0066510127,0.0008960482,0.0015207719,0.0019078961,0.0030735268,0.0017244465
66220,0.07707507,0.096866846,0.100361764,0.10296012,0.11154546,0.12692605,0.11955588,0.14372526,0.1471466,0.12348079
66290,0.00040213627,0.0013135737,0.0,0.0,0.0,0.0011605165,0.00083035283,0.0007929768,0.00023791428,0.0
66300,0.0,0.0,0.0,0.0004344526,0.0,0.0,0.00036968754,0.0005603605,0.0,0.00012681138
68101,0.014202372,0.0027732872,0.0011286325,0.0042536305,0.012771631,0.016747778,0.007540724,0.012079368,0.0062914244,0.008522854
68102,0.004728715,0.0031317538,0.0044614207,0.0013497124,0.00080657774,0.0056971987,0.0031891086,0.0019694648,0.0071402523,0.0032845652
68200,0.6755558,0.62013197,0.6128319,0.5821643,0.62142426,0.6761994,0.7503992,0.7833981,0.8510548,0.91085184
69100,0.21381131,0.234144,0.28016078,0.25950935,0.25542063,0.32909378,0.35521042,0.33715576,0.31791785,0.32498708
69200,0.09861591,0.079766065,0.10451006,0.1381869,0.12971997,0.12076977,0.11596007,0.1013304,0.10671307,0.18925802
70100,0.01697802,0.013214417,0.008729032,0.009269269,0.00891495,0.006120837,0.007073064,0.007240571,0.0041614533,0.0023381968
70200,0.037919573,0.02561319,0.025542097,0.03408932,0.042866945,0.019143948,0.01950993,0.03385437,0.020352053,0.042915054
71100,0.24332711,0.21190482,0.20971844,0.21305636,0.2907018,0.2684438,0.2569031,0.27375993,0.3420298,0.29856923
71200,0.028667862,0.029184634,0.03775271,0.037540782,0.03885108,0.041747447,0.03270373,0.029680884,0.04037442,0.047141176
72100,0.08521908,0.06791664,0.06824584,0.09561523,0.06442332,0.07605498,0.06792046,0.0413489,0.06390381,0.06639602
72200,0.02207872,0.02166701,0.0322069,0.02441447,0.01953311,0.022755416,0.012726465,0.029036239,0.03829412,0.026380343
73100,0.06517292,0.06798994,0.08420094,0.061635166,0.088029146,0.11373947,0.09589955,0.08586021,0.09002912,0.079526424
73200,0.0033561767,0.0,0.0030898645,0.001812541,0.0031583488,0.008886674,0.008470813,0.01478771,0.0012108642,0.0114635825
74100,0.07290353,0.06352182,0.057151385,0.08719433,0.12623787,0.08156992,0.12373602,0.10655859,0.069263116,0.13137187
74200,0.15728638,0.15520309,0.1652226,0.18905538,0.20896752,0.19441248,0.17924927,0.1763601,0.19275697,0.16450942
74900,0.031260256,0.036160976,0.04974941,0.06419427,0.06932819,0.052542966,0.067372926,0.042639427,0.05039643,0.04457555
75000,0.038897354,0.039700873,0.03015341,0.02971065,0.02705479,0.043271303,0.042481635,0.027237637,0.035405785,0.026332153
77100,0.000459383,0.0024562813,0.0019987717,0.0,0.0,0.0,0.0020967019,0.00060177426,0.0006486827,0.003956886
77210,0.00060399005,0.0025146005,0.0,0.002472691,0.0057676635,0.0031296227,0.0004990056,0.00091014715,0.00014669423,0.0009573263
77220,0.025127662,0.016833546,0.007435968,0.008733721,0.01077713,0.007881126,0.0027080737,0.0076809963,0.009085102,0.008536703
77290,0.025227092,0.017391728,0.011057775,0.017706124,0.02705121,0.02400994,0.014972151,0.015607319,0.019001914,0.013447113
77300,0.004908047,0.005538213,0.0022363993,0.006295297,0.010113668,0.0042013717,0.008460839,0.015008157,0.002837525,0.005358649
77400,0.00017164866,0.0,0.0,0.0,0.0,0.0,0.0,0.0010280593,0.0,0.0
78000,0.38514888,0.5672386,0.5584209,0.5335569,0.47823894,0.527042,0.576521,0.70751905,0.7035254,0.7244808
79110,0.03603456,0.047906257,0.06923794,0.063878864,0.10376616,0.08967818,0.04464149,0.04596536,0.04242682,0.055865653
79120,0.010080188,0.016660886,0.008042642,0.012409283,0.010531548,0.029893136,0.010825584,0.0063999286,0.014082609,0.0139146345
79900,0.0009541825,0.003303987,0.0012967733,0.009269897,0.008602858,0.009660738,0.009646702,0.015974812,0.010838007,0.006566489
80100,0.09805488,0.086745806,0.10514311,0.08413436,0.09091201,0.11127624,0.10103169,0.12221506,0.08518679,0.099331945
80200,0.025590504,0.0024050088,0.0037547846,0.0014603077,0.0021403697,0.0063891495,0.006029447,0.0040799733,0.0036695644,0.010541093
80300,0.00028892705,0.00044286702,0.0006000667,0.0,0.0,0.005493628,0.0,0.0021379094,0.0,0.00032711236
81100,0.0010042482,0.0013085388,0.0,0.00073287153,0.0,0.004438283,0.01000819,0.00042252563,0.0013881959,0.0
81210,0.18816137,0.2336473,0.17776014,0.2480478,0.21508415,0.22649024,0.24177949,0.22993398,0.2071366,0.22627395
81290,0.009972789,0.005642808,0.0036109982,0.007821328,0.018491486,0.01109101,0.0075039184,0.020877454,0.06807702,0.046706356
81300,0.079844855,0.07433306,0.083393164,0.082973115,0.08786194,0.08643371,0.1120863,0.1041134,0.104821056,0.13443798
82110,0.020668522,0.027261378,0.02484916,0.034066334,0.05986794,0.04963741,0.07040331,0.074534,0.06361152,0.07751956
82190,0.038466115,0.03098732,0.05263514,0.06585204,0.053202808,0.055074576,0.037573025,0.044088796,0.035632063,0.045950618
82200,0.007451442,0.010703124,0.008481827,0.012666892,0.009390674,0.00918694,0.004258169,0.01098723,0.009252966,0.0106171
82300,0.005980297,0.005510082,0.0030885139,0.010153186,0.013947008,0.0024233912,0.010678572,0.00060754316,0.0042332755,0.0011833954
82910,0.0,0.0,0.0,0.0021988924,0.002069096,0.001128647,0.0039064377,0.0010310636,0.0009691994,0.0034266287
82920,0.005859856,0.043154478,0.038742412,0.025129478,0.02392419,0.015242636,0.04128678,0.037187014,0.05285634,0.027375486
82990,0.004515518,0.009802304,0.011079238,0.010876053,0.010905482,0.015461244,0.015625289,0.017266901,0.01771461,0.0118086925
84110,1.6797479,1.6583841,1.8738515,1.7742951,1.6258124,1.6305404,1.5839819,1.6480986,1.6642889,1.6709867
84120,0.67946917,0.66495806,0.709076,0.6715631,0.58514464,0.5698116,0.525832,0.5685404,0.56227565,0.5130653
84130,0.6177576,0.61579895,0.6482985,0.57684624,0.51309794,0.59847206,0.50840515,0.52613395,0.5749003,0.49135038
84210,0.011700645,0.028749663,0.012211163,0.020542528,0.012956621,0.016862877,0.015272431,0.016812088,0.016235258,0.010217206
84220,2.1006064,2.2024329,2.0499938,1.8489622,1.8390596,1.7533088,1.7074846,1.6802909,1.9713945,0.0
84230,1.0757993,1.0031061,1.0830618,1.2827014,1.1790712,0.9951153,0.9987364,1.0069726,1.0601457,0.0
84300,0.113936596,0.124280915,0.13373971,0.10420943,0.1283585,0.1241655,0.10750734,0.14681925,0.12218794,0.09999323
85101,0.3600873,0.31113082,0.2599951,0.28866163,0.25041923,0.23602012,0.2781626,0.1485199,0.12185751,0.15476227
85102,1.4907132,1.7013416,1.6945156,1.8250471,1.8477479,1.88715,1.7871599,1.805322,1.7332051,1.8244843
85210,2.2966764,2.1458642,2.0019581,1.9849837,1.8624634,1.8234478,1.6806539,1.7414491,1.7760601,1.8113252
85220,0.17946656,0.16130628,0.15414064,0.15446827,0.17074783,0.16524448,0.14744866,0.13575464,0.15976232,0.1412078
85300,1.136384,1.1762944,1.159371,1.1135188,1.1439493,1.1967534,1.1306317,1.1244698,1.0785124,1.0240346
85410,0.0059243133,0.010711631,0.0118199885,0.010672115,0.02725636,0.031168569,0.018904394,0.022018168,0.010589797,0.026968706
85420,0.11330919,0.08512538,0.098868236,0.115841985,0.123475656,0.14083408,0.09908831,0.07594652,0.0652526,0.07621477
85490,0.4221904,0.4309963,0.45634788,0.3550663,0.39188707,0.48696136,0.47473964,0.35242853,0.34083876,0.48283488
85500,0.0039718705,0.0027764752,0.0065636532,0.009629886,0.008137818,0.00500701,0.011697586,0.012138559,0.007852456,0.01084863
86100,1.2574968,1.193933,1.2878476,1.3366718,1.5052146,1.41675,1.4642957,1.4671458,1.4743274,1.6036437
86201,0.5148797,0.5002823,0.5842487,0.61663043,0.67985916,0.6204337,0.57836485,0.65770406,0.6246817,0.5928826
86202,0.3239858,0.28295735,0.29827425,0.27313864,0.26930505,0.3217786,0.30142692,0.30650225,0.34185806,0.40376425
86901,0.12605551,0.116990484,0.15092108,0.1289061,0.13220291,0.13976908,0.14334582,0.18149361,0.15372352,0.15322742
86902,0.02983718,0.031415835,0.026682913,0.024432546,0.036318816,0.04702851,0.03391547,0.029179404,0.04534523,0.06827729
86903,0.135872,0.18653633,0.16713993,0.19105473,0.17001185,0.179163,0.1772275,0.18702085,0.18736084,0.19035363
87100,0.006470339,0.0065360246,0.011319983,0.016382394,0.021959897,0.027641624,0.023716522,0.018006915,0.017301623,0.022913272
87200,0.0075733378,0.008844876,0.004230671,0.0047598514,0.0046827937,0.005786644,0.009775361,0.0061115716,0.015024269,0.009461022
87300,0.010109711,0.0092107095,0.007511527,0.016346397,0.041885145,0.046094164,0.042998105,0.044853237,0.016703892,0.029243918
87900,0.010296476,0.011832163,0.008070812,0.010064769,0.020020586,0.014689583,0.023987377,0.01639172,0.0074961986,0.03730284
88100,0.0016287736,0.003848421,0.00054035854,0.0071303262,0.0066379793,0.004675142,0.014485276,0.010182135,0.008058643,0.010855174
88900,0.26724684,0.25406903,0.25333473,0.22972508,0.27090538,0.28251252,0.24257486,0.21397306,0.15384337,0.20637281
90001,0.017210187,0.018689798,0.010619627,0.014802586,0.0045521907,0.0060521043,0.005304932,0.005007657,0.007564135,0.01262208
90002,0.14724499,0.14257461,0.13394073,0.1827037,0.16722931,0.16640007,0.15058646,0.17621067,0.17428139,0.15299846
91010,0.039049897,0.047063187,0.03797924,0.04805036,0.041046508,0.039985556,0.050837535,0.035573747,0.027181296,0.04077634
91020,0.0085503375,0.013446115,0.016627679,0.010562996,0.009158225,0.010918107,0.0056434264,0.0036694945,0.008219106,0.00371852
91030,0.0007034699,0.0017488204,0.0040392075,0.00062170706,0.00020023658,0.008742044,0.004316355,0.00018665375,0.005586981,0.0024113334
93110,0.046219453,0.06834284,0.06594037,0.06711649,0.06517093,0.07899445,0.07592516,0.07645072,0.062145915,0.083880655
93120,0.14416389,0.11086162,0.10103766,0.16424844,0.17705244,0.2126408,0.24682254,0.18701401,0.22249764,0.2036343
93190,0.0022927262,0.00034368417,0.014306325,0.007629678,0.007359637,0.0071993805,0.017175552,0.0069259177,0.0026172143,0.00032804077
93210,0.007847992,0.011383678,0.008416081,0.017420005,0.011974974,0.013417836,0.015944645,0.007536707,0.0061354446,0.013770817
93290,0.023786737,0.030644268,0.030342447,0.028401624,0.038961142,0.06450163,0.056337133,0.034204386,0.035008658,0.033443686
94110,0.00041597695,0.014932503,0.006924725,0.0017291628,0.0028564034,0.0024275826,0.0040577548,0.007086259,0.0015085071,0.002087557
94120,0.028903294,0.048041057,0.039241824,0.038346037,0.044638205,0.051380508,0.050277244,0.061903335,0.06822338,0.086483136
94200,0.06935442,0.03866848,0.04671851,0.040641382,0.031866696,0.03149369,0.026459346,0.035882868,0.042569607,0.04166418
94911,0.13373974,0.14808619,0.17037831,0.16136508,0.17847419,0.13858078,0.14555411,0.12691814,0.14412452,0.14279716
94912,0.0326621,0.030064158,0.026163511,0.04386113,0.04961744,0.045884807,0.03147917,0.01777902,0.02675738,0.031774234
94913,0.046602838,0.023373507,0.040669624,0.037133534,0.04387311,0.042347837,0.036398675,0.043723393,0.055045284,0.04818015
94914,0.0,0.009927274,0.0023710073,0.0,0.0,0.0,0.0,0.0,0.00093944574,0.0
94915,0.026411988,0.008512156,0.01043641,0.012608178,0.01515981,0.030498512,0.020203533,0.014886731,0.019614011,0.023456823
94920,0.0026226996,0.0014949746,0.0056909453,0.0023979098,0.0036050617,0.0037168197,0.00916657,0.0035194617,0.0052501587,6.0316357e-05
94990,0.011024594,0.0066776797,0.007723324,0.005593112,0.0035234345,0.0059223524,0.004756,0.005621836,0.010251174,0.009036083
95110,0.084018596,0.08657715,0.063650146,0.08755768,0.05633233,0.051615387,0.069601335,0.0917475,0.1088257,0.14022486
95120,0.059343565,0.04247996,0.041190524,0.05079095,0.07446751,0.067967795,0.103465185,0.110723466,0.09682577,0.121391214
95210,0.03634796,0.028387686,0.032298364,0.030885752,0.046054065,0.034742076,0.03952189,0.046732843,0.030828996,0.039301362
95220,0.16552065,0.15105619,0.19140598,0.16705206,0.18124565,0.17902875,0.19019961,0.20862027,0.23908256,0.21040167
95230,0.038372897,0.03839919,0.03811474,0.05209708,0.069148764,0.055450004,0.050099492,0.05129878,0.043847453,0.056564923
95240,0.010421111,0.00093156216,0.0003722632,0.0022687293,0.0061220033,0.0061256476,0.0116612315,0.0081746755,0.005359711,0.008332328
95290,0.07478227,0.061225206,0.05709621,0.08373246,0.1090914,0.089965105,0.104052156,0.09407501,0.082300566,0.0794917
96010,0.07139739,0.06496547,0.057604678,0.06497344,0.08950824,0.093762614,0.11341539,0.10330977,0.11150411,0.11814141
96020,0.7552578,0.8004109,0.7973711,0.87579286,1.0579416,1.0440083,1.1174242,0.91499054,0.9201805,1.1870515
96030,0.009632675,0.015270092,0.0097263465,0.012855506,0.010976138,0.008003379,0.020403946,0.02614475,0.026841627,0.013289627
96091,0.00387759,0.0022571576,0.010550244,0.0055967993,0.0008874199,0.0029855003,0.0027900366,0.0029671467,0.003053719,0.005525932
96092,0.34419668,0.44707763,0.41764817,0.48217642,0.3982203,0.43092784,0.40813446,0.45617157,0.44954997,0.36799604
97000,0.1946083,0.11260915,0.1697848,0.21281289,0.17125556,0.16849753,0.18982358,0.19412506,0.20973648,0.18860291
98200,0.0,0.0,0.00063760835,0.0,0.0008675583,0.0,0.0,0.0,0.0,0.001041107
99000,0.004704704,0.001261861,0.002886942,0.0048962613,0.016990948,0.0050136014,0.0,6.8002104e-05,0.0,0.004988853
